filename,width,height,class,xmin,ymin,xmax,ymax
bicycling-amsterdam-kid.jpg,1024,680,commuter,299,176,713,667
604.png,500,125,commuter,72,37,114,125
604.png,500,125,commuter,98,6,136,119
604.png,500,125,commuter,155,1,223,120
604.png,500,125,commuter,246,3,389,125
63.png,500,333,commuter,64,5,296,333
189.png,500,375,commuter,171,5,301,370
406.png,500,283,cyclist,147,1,482,283
374.png,468,305,commuter,80,67,173,296
374.png,468,305,commuter,242,78,335,301
348.png,375,500,commuter,76,157,207,402
214.png,328,500,commuter,13,6,224,495
200.png,500,333,commuter,49,114,188,295
200.png,500,333,commuter,150,140,201,197
200.png,500,333,commuter,16,154,63,202
228.png,150,150,commuter,5,13,138,146
5e69fc75a3101282065be123.jpeg,1198,814,commuter,278,310,488,784
5e69fc75a3101282065be123.jpeg,1198,814,commuter,484,327,648,724
5e69fc75a3101282065be123.jpeg,1198,814,commuter,779,341,916,688
5e69fc75a3101282065be123.jpeg,1198,814,commuter,988,333,1108,630
amsterdam-cycle-lane.jpg,696,395,commuter,31,137,228,374
amsterdam-cycle-lane.jpg,696,395,commuter,238,121,403,393
amsterdam-cycle-lane.jpg,696,395,commuter,407,169,521,332
amsterdam-cycle-lane.jpg,696,395,commuter,552,181,594,286
770.png,500,368,commuter,231,123,317,208
AmsterdamBikeStreet.jpg,1000,666,commuter,109,373,361,607
AmsterdamBikeStreet.jpg,1000,666,commuter,723,405,894,560
AmsterdamBikeStreet.jpg,1000,666,commuter,471,389,622,546
AmsterdamBikeStreet.jpg,1000,666,commuter,340,391,406,560
AmsterdamBikeStreet.jpg,1000,666,commuter,388,392,498,543
cycling-664758__340.jpg,510,340,cyclist,306,28,427,334
cycling-664758__340.jpg,510,340,cyclist,262,61,329,284
cycling-664758__340.jpg,510,340,cyclist,189,75,259,281
cycling-664758__340.jpg,510,340,cyclist,152,83,209,270
18870530_401.jpg,700,394,commuter,428,28,599,394
18870530_401.jpg,700,394,commuter,234,63,435,394
18870530_401.jpg,700,394,commuter,355,82,450,306
bicycle-3745036__480.jpg,729,480,commuter,458,155,600,336
bicycle-3745036__480.jpg,729,480,commuter,328,168,426,302
bicycle-3745036__480.jpg,729,480,commuter,258,200,335,326
bicycle-3745036__480.jpg,729,480,commuter,166,325,234,417
215.png,333,500,commuter,76,101,287,452
cyclists-1539782__480.jpg,320,480,cyclist,233,195,317,457
cyclists-1539782__480.jpg,320,480,cyclist,145,218,204,427
cyclists-1539782__480.jpg,320,480,cyclist,13,217,101,462
cyclists-1539782__480.jpg,320,480,cyclist,126,218,166,425
seattle-lede-1538142651.jpg,2500,1406,commuter,951,247,1832,1406
349.png,500,375,commuter,55,104,120,206
help-you-to-be-professional-bike-rider-and-buying-bicycle.jpg,1200,850,cyclist,322,43,867,829
407.png,500,266,commuter,156,5,490,266
361.png,500,345,commuter,292,35,405,236
76.png,500,255,commuter,64,59,252,231
76.png,500,255,commuter,286,65,392,201
76.png,500,255,commuter,341,45,500,234
M64_FEAT_Travel_Amsterdam_3Ladies_Photo-Aude-de-Prelle_Thumb.jpg,412,412,commuter,68,45,275,412
M64_FEAT_Travel_Amsterdam_3Ladies_Photo-Aude-de-Prelle_Thumb.jpg,412,412,commuter,270,15,412,412
M64_FEAT_Travel_Amsterdam_3Ladies_Photo-Aude-de-Prelle_Thumb.jpg,412,412,commuter,1,76,124,412
163.png,500,331,commuter,130,40,239,331
163.png,500,331,commuter,218,75,309,313
163.png,500,331,commuter,326,76,410,288
808.png,500,281,cyclist,218,118,250,197
808.png,500,281,cyclist,252,125,277,188
808.png,500,281,cyclist,272,101,318,218
820.png,300,470,commuter,139,19,288,445
_102778281_captfa33ure.jpg,976,549,commuter,623,129,780,521
_102778281_captfa33ure.jpg,976,549,commuter,559,166,633,309
_102778281_captfa33ure.jpg,976,549,commuter,363,163,512,539
_102778281_captfa33ure.jpg,976,549,commuter,88,122,244,497
Chloe_Dygert_Twenty20_team_camp_2017_2048xJPG.jpg,1600,1000,cyclist,764,1,1432,1000
bike-ride-outside-the-city-cyclists-ride-on-desert-roads-russia-kaliningrad-region-chernyakhovsk-september-6-2020-2D6X0TF.jpg,1300,953,commuter,384,431,551,869
bike-ride-outside-the-city-cyclists-ride-on-desert-roads-russia-kaliningrad-region-chernyakhovsk-september-6-2020-2D6X0TF.jpg,1300,953,commuter,759,433,887,779
bike-ride-outside-the-city-cyclists-ride-on-desert-roads-russia-kaliningrad-region-chernyakhovsk-september-6-2020-2D6X0TF.jpg,1300,953,commuter,1117,456,1300,864
bike-ride-outside-the-city-cyclists-ride-on-desert-roads-russia-kaliningrad-region-chernyakhovsk-september-6-2020-2D6X0TF.jpg,1300,953,commuter,670,464,739,637
biking_in_amsterdam_square.jpg,1200,1200,commuter,74,271,365,1011
biking_in_amsterdam_square.jpg,1200,1200,commuter,411,316,710,956
E-WCycleRoute-1060.jpg,1920,1280,commuter,1376,344,1714,1278
E-WCycleRoute-1060.jpg,1920,1280,commuter,933,393,1306,1270
E-WCycleRoute-1060.jpg,1920,1280,commuter,876,402,1052,1021
cyclist-cycling-in-central-amsterdam-W66W47.jpg,1300,1390,commuter,202,408,907,1134
217.png,333,500,commuter,1,118,163,497
217.png,333,500,commuter,162,92,328,499
racing-bikes-438851__480.jpg,720,480,cyclist,430,11,720,480
racing-bikes-438851__480.jpg,720,480,cyclist,298,4,552,480
racing-bikes-438851__480.jpg,720,480,cyclist,149,42,346,480
559.png,500,333,commuter,127,33,234,274
559.png,500,333,commuter,300,21,399,306
bicycle-rider-25874124.jpg,1300,957,cyclist,439,108,1051,715
Athleticwomancyclist-Carousel.jpg,620,351,cyclist,268,44,571,332
file-20200511-30864-2sxkm3.jpg,4823,3215,commuter,2514,1217,3677,3080
73733362.jpg,600,450,commuter,295,162,361,344
73733362.jpg,600,450,commuter,361,157,448,328
73733362.jpg,600,450,commuter,179,149,251,341
73733362.jpg,600,450,commuter,96,155,170,355
73733362.jpg,600,450,commuter,145,163,199,306
cyclists-1531970__340.jpg,226,340,cyclist,33,141,88,302
cyclists-1531970__340.jpg,226,340,cyclist,83,153,142,301
cyclists-1531970__340.jpg,226,340,cyclist,149,161,205,297
798.png,333,500,commuter,4,48,316,452
building-802113__340.jpg,509,340,commuter,220,263,269,316
cycle-oregon-2078430__340.jpg,588,340,cyclist,412,243,452,301
cycle-oregon-2078430__340.jpg,588,340,cyclist,493,246,522,299
cycle-oregon-2078430__340.jpg,588,340,cyclist,282,241,315,301
cycle-oregon-2078430__340.jpg,588,340,cyclist,203,238,244,310
cycling-659792__340.jpg,701,340,cyclist,116,178,214,269
cycling-659792__340.jpg,701,340,cyclist,237,180,327,272
cycling-659792__340.jpg,701,340,cyclist,345,197,417,270
cycling-659792__340.jpg,701,340,cyclist,606,215,665,262
cycling-659792__340.jpg,701,340,cyclist,674,218,701,257
772.png,333,500,commuter,34,90,291,456
6bc67a783d7ac510c459572dbacfa000.jpg,450,299,cyclist,48,2,378,297
biking-601x406.jpg,601,406,cyclist,169,8,504,377
216.png,500,322,commuter,32,1,411,321
438.png,468,351,commuter,61,182,263,351
0eec_x5p.jpg,3521,2347,commuter,1,331,797,2347
0eec_x5p.jpg,3521,2347,commuter,912,143,1600,2347
0eec_x5p.jpg,3521,2347,commuter,2397,508,3150,2347
0eec_x5p.jpg,3521,2347,commuter,2989,362,3521,2347
0eec_x5p.jpg,3521,2347,commuter,1543,316,2254,2347
0eec_x5p.jpg,3521,2347,commuter,2100,281,2689,2347
61.png,500,367,commuter,119,4,180,155
61.png,500,367,commuter,87,13,117,78
61.png,500,367,commuter,251,4,445,329
809.png,450,309,commuter,24,67,220,258
street-scene-amsterdam-moving-tram-260nw-1785412220.jpg,448,280,commuter,8,107,102,224
148.png,500,279,commuter,140,35,297,262
606.png,500,333,commuter,28,45,254,310
606.png,500,333,commuter,206,37,461,327
174.png,500,369,commuter,125,143,171,280
174.png,500,369,commuter,160,144,208,268
174.png,500,369,commuter,224,136,289,314
174.png,500,369,commuter,282,147,348,289
164.png,500,333,commuter,216,43,318,269
602.png,500,309,commuter,20,1,170,287
ragbrai-900x600.jpg,900,600,cyclist,119,40,324,600
ragbrai-900x600.jpg,900,600,cyclist,723,134,828,447
ragbrai-900x600.jpg,900,600,cyclist,570,37,725,523
ragbrai-900x600.jpg,900,600,commuter,385,135,541,497
bike-985342__340.jpg,453,340,commuter,348,235,371,285
59.png,500,333,commuter,62,73,148,320
59.png,500,333,commuter,240,92,330,304
400.png,333,500,commuter,4,111,315,476
548.png,500,375,commuter,30,69,132,323
548.png,500,375,commuter,150,73,229,295
548.png,500,375,commuter,269,59,382,307
560.png,500,340,cyclist,4,1,495,335
212.png,500,281,commuter,109,1,325,196
bicycle-race-438887__340.jpg,510,340,cyclist,279,65,403,340
cycling-659806__340.jpg,333,340,cyclist,166,3,303,338
Road-cycling-comfort-Is-bike-fitting-a-waste-of-money-Flickr-CC-image-by-fat1024.jpg,1024,576,cyclist,227,106,557,576
running-for-cyclists.jpg,1200,628,cyclist,459,17,753,628
running-for-cyclists.jpg,1200,628,cyclist,192,7,555,628
running-for-cyclists.jpg,1200,628,cyclist,1,52,266,628
763.png,300,470,commuter,63,83,228,414
bike-2900496__340.jpg,510,340,commuter,182,49,441,333
561.png,500,333,commuter,15,52,171,281
367.png,500,309,commuter,326,161,379,291
c236a8d0b0e4e2080992c9b352520817.jpg,1125,1756,cyclist,3,95,1125,1756
818.png,450,320,commuter,29,74,227,269
58.png,500,333,commuter,117,1,263,325
824.png,333,500,commuter,19,51,333,465
64.png,500,281,commuter,114,80,188,242
64.png,500,281,commuter,66,3,108,81
64.png,500,281,commuter,108,3,149,70
64.png,500,281,commuter,208,29,244,127
64.png,500,281,commuter,235,41,275,141
64.png,500,281,commuter,280,31,311,110
64.png,500,281,commuter,288,80,338,220
64.png,500,281,commuter,309,97,358,261
64.png,500,281,commuter,362,80,415,237
70.png,500,280,commuter,93,1,327,278
165.png,500,333,commuter,85,73,186,286
171.png,500,283,cyclist,124,39,206,245
171.png,500,283,cyclist,208,39,304,261
171.png,500,283,cyclist,363,8,485,283
159.png,300,272,commuter,25,12,269,266
Cycling-Outbrain-RWK-image.jpg,660,348,commuter,266,42,418,348
167.png,353,500,commuter,1,41,253,435
173.png,500,312,commuter,215,46,308,288
173.png,500,312,commuter,377,55,456,286
173.png,500,312,commuter,198,117,232,184
mountain-bike-2831816__340.jpg,510,340,commuter,115,1,347,237
cycling-2665119__340.jpg,510,340,commuter,136,251,181,317
cycling-2665119__340.jpg,510,340,commuter,190,246,221,302
66.png,310,206,commuter,154,5,310,200
198.png,500,362,commuter,20,183,78,333
198.png,500,362,commuter,52,170,95,283
198.png,500,362,commuter,119,173,157,281
198.png,500,362,commuter,145,174,200,325
198.png,500,362,commuter,186,172,228,283
198.png,500,362,commuter,251,173,290,306
198.png,500,362,commuter,280,175,350,362
198.png,500,362,commuter,370,181,411,287
198.png,500,362,commuter,413,167,491,362
198.png,500,362,commuter,326,185,363,294
72.png,328,500,commuter,47,14,226,493
cyclists-central-park-1525289266.jpg,1000,667,cyclist,180,210,309,626
cyclists-central-park-1525289266.jpg,1000,667,cyclist,681,266,807,621
403.png,333,500,commuter,58,17,258,500
young-man-cycling-out-for-the-evening-across-bridge-in-amsterdam-holland-GNK351.jpg,1300,956,commuter,453,229,969,838
blenheim-triathlon-drafting-copyright-simon-macmichaelPNG.jpg,553,390,cyclist,56,171,176,320
blenheim-triathlon-drafting-copyright-simon-macmichaelPNG.jpg,553,390,cyclist,215,160,341,327
blenheim-triathlon-drafting-copyright-simon-macmichaelPNG.jpg,553,390,cyclist,376,169,502,334
dark-2565366__340.jpg,509,340,commuter,222,78,295,232
biking-1721469__340.jpg,581,340,commuter,200,94,338,339
biking-1721469__340.jpg,581,340,commuter,318,110,456,331
749.png,328,500,commuter,58,70,256,472
femalecycliststrainingforarace.jpg,2500,1667,cyclist,124,215,837,1387
femalecycliststrainingforarace.jpg,2500,1667,cyclist,693,290,1324,1371
775.png,330,300,commuter,27,28,143,300
775.png,330,300,commuter,193,48,288,300
cyclist-1539793__340.jpg,226,340,cyclist,33,53,128,327
woman-biking-mountain.jpg,870,550,commuter,216,159,503,475
GettyImages-1139087098-920x614.jpg,920,614,cyclist,359,41,586,556
GettyImages-1139087098-920x614.jpg,920,614,cyclist,139,105,404,527
GettyImages-1139087098-920x614.jpg,920,614,cyclist,681,32,764,285
GettyImages-1139087098-920x614.jpg,920,614,cyclist,769,33,847,218
GettyImages-1139087098-920x614.jpg,920,614,cyclist,654,60,703,237
748.png,450,320,commuter,99,39,199,249
bicycle-1867232__340.jpg,510,340,commuter,11,1,423,338
c79f614a4ff4abf8019e2cd3662f1f03.jpg,235,277,commuter,44,23,235,277
cyclists-in-the-bike-friendly-city-of-amsterdam-holland-W53CWY.jpg,1300,956,commuter,970,258,1159,578
589.png,500,375,commuter,25,71,94,284
589.png,500,375,commuter,67,58,141,307
589.png,500,375,commuter,124,47,219,329
589.png,500,375,commuter,215,33,382,375
589.png,500,375,commuter,399,51,500,370
562.png,300,225,commuter,70,46,237,223
Balanceinformscyclists-min.jpg,1000,667,cyclist,572,167,784,667
210.png,311,500,commuter,20,32,254,466
238.png,500,281,commuter,202,98,355,257
young-male-bicycle-rider-training-outdoors-on-country-road-bike-racer-ride-in-summer-day-MDFP97.jpg,1300,956,cyclist,569,222,749,732
IsabelRuitenbeekBikeAlley.jpg,1000,667,commuter,133,124,662,661
cyclist-carousel.jpg,620,351,cyclist,203,21,504,329
recovery-for-cyclists_hero.jpg,2880,1620,cyclist,890,10,2390,1620
370.png,287,500,commuter,40,29,225,473
364.png,500,333,commuter,40,5,217,331
364.png,500,333,commuter,350,52,410,206
364.png,500,333,commuter,420,82,441,122
358.png,400,267,commuter,56,56,174,267
A_NBF9444-840x560.jpg,840,560,commuter,122,76,412,549
A_NBF9444-840x560.jpg,840,560,commuter,303,123,533,540
827.png,236,342,commuter,7,16,236,322
172.png,500,145,commuter,289,6,378,145
600.png,375,500,commuter,104,84,177,206
600.png,375,500,commuter,192,110,256,212
romania-1894745__340.jpg,538,340,commuter,357,198,390,266
maxresdefault0.jpg,1280,720,commuter,345,146,652,717
maxresdefault0.jpg,1280,720,commuter,783,104,1084,720
maxresdefault0.jpg,1280,720,commuter,660,183,856,649
maxresdefault0.jpg,1280,720,commuter,1027,180,1193,720
two-cyclists-on-a-country-road.jpg,800,522,cyclist,442,132,525,391
two-cyclists-on-a-country-road.jpg,800,522,cyclist,384,151,456,364
856672524-scaled.jpg,2560,1701,cyclist,590,143,1675,1671
667.png,500,375,commuter,235,1,395,309
115.png,500,333,commuter,317,71,498,315
115.png,500,333,commuter,5,35,204,311
Katelijne-Boerma-e1575908056459.jpg,5184,2916,commuter,1006,711,2883,2916
129.png,500,333,commuter,2,1,265,331
28.png,389,467,commuter,1,149,339,463
14.png,450,300,commuter,163,20,368,280
465.png,500,375,commuter,64,159,141,294
bicycle-390399_960_720.jpg,960,692,commuter,207,33,881,686
Trek.jpg,1280,720,cyclist,417,86,703,668
505.png,500,332,commuter,112,13,209,260
large_R1-0bboTopDdS-tgD16Jwuu7MSIY0crxticVeqzdYIc.jpg,1008,435,commuter,447,130,616,282
CORVOS_00026930-011.jpg,1600,968,cyclist,60,297,311,968
CORVOS_00026930-011.jpg,1600,968,cyclist,404,309,679,968
CORVOS_00026930-011.jpg,1600,968,cyclist,679,74,941,968
CORVOS_00026930-011.jpg,1600,968,cyclist,927,383,1225,968
aubrisbane.jpg,3607,2408,commuter,1689,104,2645,2408
street-2565509__340.jpg,226,340,commuter,108,101,158,208
How-do-pedestrians-and-cyclists-move-in-traffic.jpg,646,315,commuter,166,66,260,315
How-do-pedestrians-and-cyclists-move-in-traffic.jpg,646,315,commuter,62,67,196,266
How-do-pedestrians-and-cyclists-move-in-traffic.jpg,646,315,commuter,255,78,316,227
How-do-pedestrians-and-cyclists-move-in-traffic.jpg,646,315,commuter,321,86,363,180
How-do-pedestrians-and-cyclists-move-in-traffic.jpg,646,315,commuter,390,87,435,194
706.png,236,214,commuter,13,15,224,214
fiets.jpg,940,415,commuter,107,61,353,415
fiets.jpg,940,415,commuter,299,113,614,415
fiets.jpg,940,415,commuter,534,82,682,359
fiets.jpg,940,415,commuter,2,38,164,402
289.png,450,321,commuter,241,77,354,282
bike-2673983__340.jpg,226,340,commuter,56,181,123,334
bike.jpg,1200,1200,cyclist,299,176,905,1200
two-wheels-better-enabling-city-cyclists-2000x833.jpg,2000,833,commuter,5,429,337,773
two-wheels-better-enabling-city-cyclists-2000x833.jpg,2000,833,commuter,739,458,1042,760
two-wheels-better-enabling-city-cyclists-2000x833.jpg,2000,833,commuter,596,458,896,714
two-wheels-better-enabling-city-cyclists-2000x833.jpg,2000,833,commuter,1029,436,1324,718
two-wheels-better-enabling-city-cyclists-2000x833.jpg,2000,833,commuter,1433,499,1672,721
two-wheels-better-enabling-city-cyclists-2000x833.jpg,2000,833,commuter,1679,392,1959,688
two-wheels-better-enabling-city-cyclists-2000x833.jpg,2000,833,commuter,1285,431,1537,681
276.png,450,295,commuter,129,24,386,274
cyclist-1531961__340.jpg,226,340,cyclist,107,97,208,326
architecture-2596884__340.jpg,453,340,commuter,23,120,196,316
e494cc63-2e43-4855-9874-16454f8c3f77.jpg,568,348,commuter,92,37,398,320
316.png,331,500,commuter,96,117,221,468
302.png,500,332,commuter,86,194,144,282
302.png,500,332,commuter,161,194,241,304
302.png,500,332,commuter,311,183,442,322
15.png,374,500,commuter,181,39,360,499
29.png,500,375,commuter,110,35,398,375
Boivin2020.jpg,1848,1307,cyclist,1033,226,1682,1187
Boivin2020.jpg,1848,1307,cyclist,541,271,996,1067
Boivin2020.jpg,1848,1307,cyclist,239,279,594,971
128.png,500,333,commuter,1,10,337,322
114.png,328,500,commuter,18,75,318,429
666.png,500,329,commuter,205,176,253,290
666.png,500,329,commuter,134,173,189,283
666.png,500,329,commuter,93,164,129,245
102.png,500,371,cyclist,125,1,411,362
140813100412-best-biking-cities-berlin-horizontal-large-gallery.jpeg,980,552,commuter,782,226,980,497
140813100412-best-biking-cities-berlin-horizontal-large-gallery.jpeg,980,552,commuter,532,258,721,477
140813100412-best-biking-cities-berlin-horizontal-large-gallery.jpeg,980,552,commuter,230,290,380,449
140813100412-best-biking-cities-berlin-horizontal-large-gallery.jpeg,980,552,commuter,424,310,539,472
140813100412-best-biking-cities-berlin-horizontal-large-gallery.jpeg,980,552,commuter,82,289,230,448
stunt-2050843__480.jpg,720,480,commuter,316,54,633,472
658.png,500,333,commuter,301,118,339,196
17.png,500,279,commuter,58,7,302,279
843.png,450,320,commuter,220,74,294,270
314.png,500,375,commuter,102,69,388,312
466.png,333,500,commuter,36,277,162,496
300.png,500,432,cyclist,3,2,290,427
300.png,500,432,cyclist,323,121,401,304
300.png,500,432,cyclist,400,159,444,256
300.png,500,432,cyclist,443,174,473,238
328.png,500,331,commuter,131,177,188,294
328.png,500,331,commuter,267,163,345,313
260.png,500,334,commuter,97,34,222,236
bicycle-2457197__340.jpg,510,340,cyclist,293,140,320,210
d8dqqz6wsaagwd6.jpg,680,510,commuter,474,71,680,403
d8dqqz6wsaagwd6.jpg,680,510,commuter,434,60,511,165
d8dqqz6wsaagwd6.jpg,680,510,commuter,385,56,431,143
d8dqqz6wsaagwd6.jpg,680,510,commuter,296,54,335,131
d8dqqz6wsaagwd6.jpg,680,510,commuter,235,67,260,116
d8dqqz6wsaagwd6.jpg,680,510,commuter,128,58,186,119
architecture-2601357__340.jpg,510,340,commuter,252,153,295,253
710.png,500,349,commuter,77,74,180,272
710.png,500,349,commuter,178,100,226,238
710.png,500,349,commuter,196,23,311,322
710.png,500,349,commuter,288,64,362,266
Winter-training_-Group-of-road-cyclists_C2A9-Robert-Smith-2020_road_female-3efb1da.jpg,1920,1280,cyclist,1027,299,1363,1155
Winter-training_-Group-of-road-cyclists_C2A9-Robert-Smith-2020_road_female-3efb1da.jpg,1920,1280,cyclist,742,291,1084,1127
Winter-training_-Group-of-road-cyclists_C2A9-Robert-Smith-2020_road_female-3efb1da.jpg,1920,1280,cyclist,465,333,776,1051
Copenhagenize_Press_Photos-29_V3.jpg,1800,1081,commuter,466,168,773,807
street-183527__340.jpg,609,340,commuter,187,192,217,227
street-183527__340.jpg,609,340,commuter,305,207,367,340
street-183527__340.jpg,609,340,commuter,353,208,388,283
bicycle-5993064__340.jpg,516,340,commuter,306,128,352,201
bicycle-rider.jpg,2057,1200,commuter,836,152,1668,1090
pathway-223808__340.jpg,222,340,commuter,102,178,135,247
249.png,333,500,commuter,69,21,266,486
girl-2733000__340.jpg,226,340,commuter,1,23,220,232
275.png,500,333,commuter,35,54,140,280
275.png,500,333,commuter,282,2,475,333
people-on-bikes-in-amsterdam.jpg,3000,2000,commuter,951,607,2111,1820
people-on-bikes-in-amsterdam.jpg,3000,2000,commuter,848,740,1618,1553
498.png,500,260,commuter,300,104,346,160
female_bicyclist.jpg,1500,1000,cyclist,352,150,675,1000
man-255865__340.jpg,340,340,commuter,62,22,257,340
301.png,500,365,commuter,1,181,150,365
301.png,500,365,commuter,164,182,192,255
301.png,500,365,commuter,187,185,213,246
girl-1718427__340.jpg,510,340,commuter,148,131,237,336
girl-1718427__340.jpg,510,340,commuter,262,104,361,340
665.png,500,375,commuter,327,17,489,375
649.png,500,349,commuter,63,176,233,315
113.png,300,470,cyclist,48,48,211,449
bicycling-in-amsterdam.jpg,4608,3456,commuter,2654,1117,3875,3396
bicycling-in-amsterdam.jpg,4608,3456,commuter,117,996,1949,3401
12.png,500,333,commuter,77,94,186,291
12.png,500,333,commuter,205,73,308,322
jack-alexander-142193-unsplash-bw.jpg,640,427,commuter,18,6,528,427
PA-58232775-920x576.jpg,920,576,cyclist,442,212,563,551
PA-58232775-920x576.jpg,920,576,cyclist,128,302,166,416
136515_00_2x.jpg,1184,790,cyclist,288,229,483,708
339.png,500,333,commuter,123,37,236,232
cycle-1155270__340.jpg,458,340,commuter,184,102,264,281
311.png,500,500,commuter,203,107,292,377
D2012_257_026_1200.jpg,1200,800,cyclist,267,67,889,800
action-71647__340.jpg,513,340,commuter,243,43,396,306
259.png,500,334,commuter,104,102,346,251
503.png,500,333,commuter,16,1,493,331
cycling-659733__340.jpg,226,340,cyclist,85,171,125,237
cyclist-446363__340.jpg,510,340,cyclist,55,128,94,265
cyclist-446363__340.jpg,510,340,cyclist,141,133,187,260
cyclist-446363__340.jpg,510,340,cyclist,195,137,241,255
cyclist-446363__340.jpg,510,340,cyclist,237,117,289,257
cyclist-446363__340.jpg,510,340,cyclist,285,144,321,255
cyclist-446363__340.jpg,510,340,cyclist,335,121,387,259
cyclist-446363__340.jpg,510,340,cyclist,437,130,489,255
cyclist-446363__340.jpg,510,340,cyclist,378,128,415,253
cyclist-446363__340.jpg,510,340,cyclist,318,130,350,252
cyclist-446363__340.jpg,510,340,cyclist,106,136,142,257
cyclist-446363__340.jpg,510,340,cyclist,1,141,28,261
road-823199__340.jpg,604,340,commuter,257,219,278,260
amsterdam-1203305_1920.jpg,1920,1280,commuter,1008,223,1695,1280
amsterdam-1203305_1920.jpg,1920,1280,commuter,659,204,1257,1153
715.png,397,500,commuter,53,55,356,494
photo-id-2084862951493-bicycle-rider-doing-downhill.jpg,1500,2250,cyclist,551,352,930,1424
bicycle-389951__340.jpg,289,340,commuter,22,11,289,340
714.png,370,500,commuter,143,74,337,500
700.png,500,281,commuter,327,2,432,225
728.png,480,360,commuter,267,49,413,302
merlin_164038344_391574ae-6406-4523-8774-e5ee281eb5f0-superJumbo.jpg,2048,1365,commuter,882,591,1136,1221
merlin_164038344_391574ae-6406-4523-8774-e5ee281eb5f0-superJumbo.jpg,2048,1365,commuter,718,591,889,1080
merlin_164038344_391574ae-6406-4523-8774-e5ee281eb5f0-superJumbo.jpg,2048,1365,commuter,507,657,611,930
270.png,320,180,commuter,192,40,244,169
502.png,380,380,commuter,88,46,182,264
reflection-2796159__340.jpg,510,340,commuter,136,169,214,243
reflection-2796159__340.jpg,510,340,commuter,214,174,281,246
1515_afbeeldingen-dvd-15-002.jpg,1250,831,commuter,24,182,389,831
1515_afbeeldingen-dvd-15-002.jpg,1250,831,commuter,381,264,536,724
1515_afbeeldingen-dvd-15-002.jpg,1250,831,commuter,521,301,600,597
1515_afbeeldingen-dvd-15-002.jpg,1250,831,commuter,607,352,697,572
1515_afbeeldingen-dvd-15-002.jpg,1250,831,commuter,758,290,1192,831
1515_afbeeldingen-dvd-15-002.jpg,1250,831,commuter,928,268,1250,824
489.png,500,333,commuter,77,143,141,238
489.png,500,333,commuter,171,81,219,183
489.png,500,333,commuter,248,64,298,143
17411264-panning-shot-of-a-bicycle-rider-riding-a-bike-outdoors-on-a-sunny-day-against-a-blue-sky.jpg,866,1300,commuter,183,543,634,1229
310.png,333,500,commuter,42,72,273,477
338.png,500,314,commuter,159,9,396,297
amsterdam-cycling0.jpg,2500,1875,commuter,1143,845,1435,1628
cyclist-biking-uphill-europe-road.jpg,1200,600,cyclist,333,75,530,567
the-pack-enters-lap-3-of-4-during-womens-stage-1-of-the-news-photo-1017756854-1563371757.jpg,3029,2019,cyclist,1453,582,1916,1929
the-pack-enters-lap-3-of-4-during-womens-stage-1-of-the-news-photo-1017756854-1563371757.jpg,3029,2019,cyclist,1056,629,1539,1919
the-pack-enters-lap-3-of-4-during-womens-stage-1-of-the-news-photo-1017756854-1563371757.jpg,3029,2019,cyclist,239,719,609,1886
the-pack-enters-lap-3-of-4-during-womens-stage-1-of-the-news-photo-1017756854-1563371757.jpg,3029,2019,cyclist,479,749,813,1849
the-pack-enters-lap-3-of-4-during-womens-stage-1-of-the-news-photo-1017756854-1563371757.jpg,3029,2019,cyclist,2036,686,2393,1859
the-pack-enters-lap-3-of-4-during-womens-stage-1-of-the-news-photo-1017756854-1563371757.jpg,3029,2019,cyclist,2316,796,2659,1852
header-bicycle-snake-neu.jpg,1280,484,commuter,525,238,598,396
header-bicycle-snake-neu.jpg,1280,484,commuter,732,231,801,440
104.png,457,500,commuter,1,53,306,470
104.png,457,500,commuter,203,64,455,500
How-To-Cycle-in-Amsterdam-Tips-1024x585.jpg,1024,585,commuter,149,65,426,472
bicycle-race-438846__340.jpg,510,340,cyclist,2,1,256,340
11.png,328,500,commuter,43,28,312,499
39.png,500,393,commuter,147,38,499,383
448.png,360,235,commuter,70,115,166,224
474.png,375,500,commuter,1,183,83,337
0db6fa0be1058d7e6bb3ebeddbd38287.jpg,1000,666,commuter,276,195,636,561
amsterdam-cyclists-netherlands-july-people-cycle-along-nieuwe-spiegelstraat-antique-shopping-street-biggest-city-146861451.jpg,1600,1156,commuter,1071,492,1288,825
amsterdam-cyclists-netherlands-july-people-cycle-along-nieuwe-spiegelstraat-antique-shopping-street-biggest-city-146861451.jpg,1600,1156,commuter,1272,485,1453,876
amsterdam-cyclists-netherlands-july-people-cycle-along-nieuwe-spiegelstraat-antique-shopping-street-biggest-city-146861451.jpg,1600,1156,commuter,1464,499,1564,757
1SPuiaML1sDU_VTUq-BulUg.jpeg,2560,1707,commuter,1095,645,1435,1002
386520_orig.jpg,1100,731,commuter,459,349,530,512
386520_orig.jpg,1100,731,commuter,304,344,424,699
D2012_233_050_1200.jpg,1200,800,cyclist,366,2,692,800
Frontpage_kredit_Supercykelstier-Region-Hovedstaden.jpg,1920,450,commuter,969,106,1304,450
Frontpage_kredit_Supercykelstier-Region-Hovedstaden.jpg,1920,450,commuter,635,133,1018,450
Frontpage_kredit_Supercykelstier-Region-Hovedstaden.jpg,1920,450,commuter,1244,144,1440,450
Frontpage_kredit_Supercykelstier-Region-Hovedstaden.jpg,1920,450,commuter,1363,178,1661,450
Frontpage_kredit_Supercykelstier-Region-Hovedstaden.jpg,1920,450,commuter,1699,136,1920,450
Frontpage_kredit_Supercykelstier-Region-Hovedstaden.jpg,1920,450,commuter,587,133,759,423
Frontpage_kredit_Supercykelstier-Region-Hovedstaden.jpg,1920,450,commuter,1,116,335,431
Frontpage_kredit_Supercykelstier-Region-Hovedstaden.jpg,1920,450,commuter,193,121,480,444
girl-1718430__340.jpg,509,340,commuter,66,135,177,338
girl-1718430__340.jpg,509,340,commuter,256,106,358,340
girl-2209228__340.jpg,604,340,commuter,329,118,391,270
273.png,288,183,commuter,128,15,205,182
milies-and-even-their-dogs-take-over-the-otherwise-congested-streets-of-the-city-every-sunday-morning-credit-meanderingemu-alamy-live-news-2AMBTTD.jpg,1300,956,commuter,813,351,1037,865
milies-and-even-their-dogs-take-over-the-otherwise-congested-streets-of-the-city-every-sunday-morning-credit-meanderingemu-alamy-live-news-2AMBTTD.jpg,1300,956,commuter,1140,359,1279,739
milies-and-even-their-dogs-take-over-the-otherwise-congested-streets-of-the-city-every-sunday-morning-credit-meanderingemu-alamy-live-news-2AMBTTD.jpg,1300,956,commuter,334,348,504,841
milies-and-even-their-dogs-take-over-the-otherwise-congested-streets-of-the-city-every-sunday-morning-credit-meanderingemu-alamy-live-news-2AMBTTD.jpg,1300,956,commuter,26,392,194,828
milies-and-even-their-dogs-take-over-the-otherwise-congested-streets-of-the-city-every-sunday-morning-credit-meanderingemu-alamy-live-news-2AMBTTD.jpg,1300,956,cyclist,664,363,751,626
cyclist-983931__340.jpg,226,340,cyclist,87,216,132,313
10.png,500,333,commuter,47,22,305,284
couple-1909781__340.jpg,226,340,commuter,107,150,159,272
couple-1909781__340.jpg,226,340,commuter,165,158,211,272
Amsterdam_-_Bicycles_-_1058.jpg,4368,2912,commuter,1400,1437,1872,2275
ZHUPA-Eugert001p.jpg,5184,3456,cyclist,1783,46,4195,3456
134.png,500,281,commuter,339,22,422,248
134.png,500,281,commuter,303,111,357,231
134.png,500,281,commuter,395,110,455,227
849.png,450,320,commuter,190,60,248,147
21.png,230,200,commuter,14,12,227,200
amsfeatured01-1160x774.jpg,1160,774,commuter,604,385,979,774
amsfeatured01-1160x774.jpg,1160,774,commuter,432,370,618,565
amsfeatured01-1160x774.jpg,1160,774,commuter,228,398,599,750
amsfeatured01-1160x774.jpg,1160,774,commuter,81,363,292,556
amsfeatured01-1160x774.jpg,1160,774,commuter,901,356,1005,460
amsfeatured01-1160x774.jpg,1160,774,commuter,757,361,849,459
amsfeatured01-1160x774.jpg,1160,774,commuter,580,356,687,458
amsterdam-slowest-cyclists640.jpg,640,344,commuter,415,133,475,298
450.png,500,388,commuter,51,12,392,388
336.png,236,328,commuter,1,26,236,324
Cycling_in_Amsterdam_2010-1JPG.jpg,2068,1424,commuter,78,432,410,1239
Cycling_in_Amsterdam_2010-1JPG.jpg,2068,1424,commuter,537,477,878,1364
Bikes-in-Amsterdam-1200x900.jpg,1200,900,commuter,412,573,576,789
Bikes-in-Amsterdam-1200x900.jpg,1200,900,commuter,663,578,826,824
Bikes-in-Amsterdam-1200x900.jpg,1200,900,commuter,839,586,946,772
Bikes-in-Amsterdam-1200x900.jpg,1200,900,commuter,1122,572,1172,690
Bikes-in-Amsterdam-1200x900.jpg,1200,900,commuter,1022,568,1081,688
Bikes-in-Amsterdam-1200x900.jpg,1200,900,commuter,170,574,285,694
Bikes-in-Amsterdam-1200x900.jpg,1200,900,commuter,278,573,334,678
Bikes-in-Amsterdam-1200x900.jpg,1200,900,commuter,9,567,142,702
487.png,500,333,commuter,17,145,106,266
487.png,500,333,commuter,100,150,180,270
487.png,500,333,commuter,308,149,341,219
amsterdam.jpg,800,456,commuter,210,41,327,456
amsterdam.jpg,800,456,commuter,341,50,456,348
amsterdam.jpg,800,456,commuter,127,49,221,341
amsterdam.jpg,800,456,commuter,608,36,698,261
amsterdam.jpg,800,456,commuter,506,36,567,211
256.png,369,500,commuter,20,82,330,481
242.png,333,500,commuter,71,37,263,486
bicycle-race-438855__340.jpg,510,340,cyclist,1,30,244,305
photo.jpg,1069,580,cyclist,521,15,871,580
photo.jpg,1069,580,cyclist,428,37,585,481
content_team_080317_36368_the_basics_of_urban_bicycling_lg.jpg,1600,800,commuter,381,9,1358,800
cycling-1043634__340.jpg,226,340,cyclist,37,69,109,270
cycling-1043634__340.jpg,226,340,cyclist,100,86,163,253
cycling-1043634__340.jpg,226,340,cyclist,151,105,207,254
997229.jpg,1240,826,cyclist,153,173,661,758
997229.jpg,1240,826,cyclist,762,216,935,548
997229.jpg,1240,826,cyclist,1031,227,1088,379
997229.jpg,1240,826,cyclist,1084,231,1126,343
733.png,450,320,commuter,62,35,290,261
cyclist-rides-mountains-among-flowering-260nw-1662325588.jpg,390,280,commuter,108,64,224,252
294.png,500,258,commuter,12,7,202,258
294.png,500,258,commuter,282,46,361,254
294.png,500,258,commuter,331,14,452,258
294.png,500,258,commuter,439,79,500,247
RoadCycling_GreatSpanishCyclists_ValverdeContadorPurito2-1080x675.jpg,1080,675,cyclist,665,142,1006,675
RoadCycling_GreatSpanishCyclists_ValverdeContadorPurito2-1080x675.jpg,1080,675,cyclist,396,107,633,622
RoadCycling_GreatSpanishCyclists_ValverdeContadorPurito2-1080x675.jpg,1080,675,cyclist,45,101,219,492
_84664250_cyclistsinplaceconcorde_afp.jpg,976,587,commuter,276,184,533,485
_84664250_cyclistsinplaceconcorde_afp.jpg,976,587,commuter,757,227,882,378
_84664250_cyclistsinplaceconcorde_afp.jpg,976,587,commuter,638,237,692,290
_84664250_cyclistsinplaceconcorde_afp.jpg,976,587,commuter,469,232,525,290
bicycles-2615671__340.jpg,510,340,commuter,154,186,187,265
bicycles-2615671__340.jpg,510,340,commuter,215,188,249,261
451.png,250,333,commuter,71,63,231,229
337.png,500,281,commuter,320,131,442,269
oulu_pekka_tahkola.jpg,3104,2064,commuter,2032,400,2788,1952
323.png,500,333,commuter,231,67,323,276
323.png,500,333,commuter,380,73,500,289
323.png,500,333,commuter,165,97,186,141
34.png,500,281,commuter,182,33,267,241
34.png,500,281,commuter,304,33,417,249
cyclist-picture-profimedia-0443004591-CVR.jpg,1366,600,cyclist,546,20,857,596
20170922_QUAKE_BIKES-28.jpg,1600,1067,commuter,836,103,1348,1067
20170922_QUAKE_BIKES-28.jpg,1600,1067,commuter,1386,231,1495,401
bicycle-401977__340.jpg,713,340,commuter,42,31,159,287
Copenhagen-bikes-cycing-Europe-e1563435020167.jpg,1600,1068,commuter,711,309,1348,951
Copenhagen-bikes-cycing-Europe-e1563435020167.jpg,1600,1068,commuter,248,285,799,927
653.png,460,288,commuter,82,150,217,275
653.png,460,288,commuter,222,154,330,274
647.png,500,180,commuter,169,113,195,163
647.png,500,180,commuter,221,106,244,171
647.png,500,180,commuter,267,109,302,180
647.png,500,180,commuter,322,100,379,179
137.png,353,500,commuter,85,44,276,465
190403_drivers-dont-regard-cyclists-as-human_Culture_two-people-riding-bike-in-street-e1604639537540.jpg,1200,675,commuter,376,157,688,675
190403_drivers-dont-regard-cyclists-as-human_Culture_two-people-riding-bike-in-street-e1604639537540.jpg,1200,675,commuter,779,68,1051,675
692.png,500,500,commuter,95,115,486,469
335.png,333,500,commuter,102,26,293,482
depositphotos_229724346-stock-photo-lens-flare-pro-bike-rider.jpg,1600,1000,cyclist,830,341,1097,832
s300_Cycling.jpg,300,195,commuter,157,7,225,189
s300_Cycling.jpg,300,195,commuter,225,13,294,185
s300_Cycling.jpg,300,195,commuter,96,23,129,103
s300_Cycling.jpg,300,195,commuter,49,19,72,82
s300_Cycling.jpg,300,195,commuter,16,12,43,84
gravel-road-55354__340.jpg,453,340,cyclist,192,148,221,210
01883af94cebff3a28f41f85276c3c47125afa2100.jpg,1535,2169,commuter,348,813,713,1663
533.png,500,281,commuter,95,8,330,281
296.png,450,320,commuter,67,54,156,302
04122-performance-assessment-tests-for-cyclists-and-multisport-athletes-700x394.jpg,700,394,cyclist,7,60,419,394
Cyklistforbundet-Christina-NC3B8rdam-Andersen_Photo-23-02-16-16-40-25-3-364x260.jpg,364,260,commuter,202,69,334,213
Cyklistforbundet-Christina-NC3B8rdam-Andersen_Photo-23-02-16-16-40-25-3-364x260.jpg,364,260,commuter,49,85,188,233
719.png,500,283,cyclist,259,91,364,228
719.png,500,283,cyclist,355,42,493,242
guy-2245021__340.jpg,191,340,cyclist,24,80,117,192
cyclingcitycopenhagen.jpg,1024,683,commuter,17,232,266,502
cyclingcitycopenhagen.jpg,1024,683,commuter,347,220,621,495
cyclingcitycopenhagen.jpg,1024,683,commuter,274,229,511,482
cyclingcitycopenhagen.jpg,1024,683,commuter,522,230,813,520
biciamsterdam.jpg,1024,728,commuter,315,320,445,717
biciamsterdam.jpg,1024,728,commuter,620,299,763,702
TB2s0zZaVXXXXXhXpXXXXXXXXXX_1651112767.jpg,790,447,commuter,252,28,643,434
718.png,370,500,commuter,1,7,362,485
13nyvirus-biking1-videoSixteenByNineJumbo1600.jpg,1600,900,commuter,101,369,272,771
13nyvirus-biking1-videoSixteenByNineJumbo1600.jpg,1600,900,commuter,383,362,618,874
13nyvirus-biking1-videoSixteenByNineJumbo1600.jpg,1600,900,commuter,609,336,816,900
13nyvirus-biking1-videoSixteenByNineJumbo1600.jpg,1600,900,commuter,878,281,1064,794
13nyvirus-biking1-videoSixteenByNineJumbo1600.jpg,1600,900,commuter,1125,357,1350,900
13nyvirus-biking1-videoSixteenByNineJumbo1600.jpg,1600,900,commuter,339,334,476,617
13nyvirus-biking1-videoSixteenByNineJumbo1600.jpg,1600,900,commuter,1499,267,1600,674
297.png,500,361,commuter,116,5,461,347
254.png,399,500,commuter,27,61,305,450
the-bicycle-rider-leon-spain-mary-machare.jpg,900,597,commuter,232,36,690,507
different-type-cyclists.jpg,1732,968,cyclist,110,3,503,968
different-type-cyclists.jpg,1732,968,cyclist,591,196,1001,968
different-type-cyclists.jpg,1732,968,cyclist,935,228,1137,968
different-type-cyclists.jpg,1732,968,cyclist,1148,269,1444,950
different-type-cyclists.jpg,1732,968,cyclist,1384,296,1537,928
different-type-cyclists.jpg,1732,968,cyclist,1525,352,1708,917
bicycle-race-438829__340.jpg,510,340,cyclist,142,98,228,337
bicycle-race-438829__340.jpg,510,340,cyclist,263,83,398,340
37.png,450,320,commuter,178,11,296,287
bicicleta-2828782__340.jpg,510,340,cyclist,123,155,179,234
bicicleta-2828782__340.jpg,510,340,cyclist,194,156,240,237
bicicleta-2828782__340.jpg,510,340,cyclist,213,156,283,256
bicicleta-2828782__340.jpg,510,340,cyclist,309,153,396,286
bicicleta-2828782__340.jpg,510,340,cyclist,340,143,504,339
quezon-city-free-helmets-main-1601629130.jpg,1200,675,commuter,175,127,431,675
quezon-city-free-helmets-main-1601629130.jpg,1200,675,commuter,668,72,892,572
quezon-city-free-helmets-main-1601629130.jpg,1200,675,commuter,609,73,734,506
cyclist-1539787__340.jpg,226,340,cyclist,38,77,123,336
27.png,500,333,commuter,170,1,288,319
27.png,500,333,commuter,250,15,333,291
Mexico-City-Cyclists-Maks-Karochkin-640x480.jpg,640,480,commuter,43,78,124,342
Mexico-City-Cyclists-Maks-Karochkin-640x480.jpg,640,480,commuter,260,116,380,344
Mexico-City-Cyclists-Maks-Karochkin-640x480.jpg,640,480,commuter,327,81,425,327
Mexico-City-Cyclists-Maks-Karochkin-640x480.jpg,640,480,commuter,375,83,467,292
Mexico-City-Cyclists-Maks-Karochkin-640x480.jpg,640,480,commuter,139,85,201,228
Mexico-City-Cyclists-Maks-Karochkin-640x480.jpg,640,480,commuter,1,80,48,213
Mexico-City-Cyclists-Maks-Karochkin-640x480.jpg,640,480,commuter,529,78,640,313
bicycle-362171__340.jpg,510,340,commuter,165,1,418,201
170926144612169_India2BUCI.jpg,1200,800,cyclist,379,67,860,800
biker-446071__340.jpg,510,340,cyclist,50,49,273,295
495.png,500,333,commuter,359,170,416,292
495.png,500,333,commuter,411,176,475,276
amsterdam-cycling.jpg,696,434,commuter,120,49,251,430
amsterdam-cycling.jpg,696,434,commuter,528,92,609,301
amsterdam-cycling.jpg,696,434,commuter,237,112,310,365
amsterdam-cycling.jpg,696,434,commuter,45,104,132,355
278.png,500,356,commuter,146,76,290,341
bicycle-riding-tile3-getting-started.jpg,2000,1333,commuter,613,371,1355,1333
244.png,500,351,commuter,164,20,492,341
250.png,230,160,commuter,82,37,210,159
Credit20-20Tim20Bleeker2028329JPG.jpg,980,350,commuter,453,3,798,350
bicycle-race-438899__340.jpg,510,340,cyclist,79,101,203,298
boris-johnson-launches-londons-first-cycle-superhighway-497821114-5bf27410c0d5a-960x600.jpg,960,600,commuter,587,58,806,590
boris-johnson-launches-londons-first-cycle-superhighway-497821114-5bf27410c0d5a-960x600.jpg,960,600,commuter,368,171,493,487
boris-johnson-launches-londons-first-cycle-superhighway-497821114-5bf27410c0d5a-960x600.jpg,960,600,commuter,103,4,356,571
287.png,500,496,commuter,5,47,484,485
293.png,500,368,commuter,262,9,405,328
1LtpN7Vjre51A2GDPCMtTEA.jpeg,800,456,commuter,206,38,340,452
1LtpN7Vjre51A2GDPCMtTEA.jpeg,800,456,commuter,341,48,448,344
1LtpN7Vjre51A2GDPCMtTEA.jpeg,800,456,commuter,131,48,221,339
1LtpN7Vjre51A2GDPCMtTEA.jpeg,800,456,commuter,609,37,695,258
1LtpN7Vjre51A2GDPCMtTEA.jpeg,800,456,commuter,509,38,561,204
1LtpN7Vjre51A2GDPCMtTEA.jpeg,800,456,commuter,562,24,626,228
1LtpN7Vjre51A2GDPCMtTEA.jpeg,800,456,commuter,429,38,482,247
720.png,328,500,commuter,62,15,290,458
02amsterdam01-2.jpg,2048,1365,commuter,1105,366,1634,1365
02amsterdam01-2.jpg,2048,1365,commuter,795,475,970,1050
02amsterdam01-2.jpg,2048,1365,commuter,668,466,791,880
02amsterdam01-2.jpg,2048,1365,commuter,100,450,616,1364
02amsterdam01-2.jpg,2048,1365,commuter,1030,548,1105,748
02amsterdam01-2.jpg,2048,1365,commuter,959,525,1041,791
cyclists-in-bike-city-amsterdam-ride-along-canal-road-on-bright-yellow-G30K60.jpg,1300,958,commuter,524,366,826,867
cyclists-in-bike-city-amsterdam-ride-along-canal-road-on-bright-yellow-G30K60.jpg,1300,958,commuter,329,413,456,737
cyclists-in-bike-city-amsterdam-ride-along-canal-road-on-bright-yellow-G30K60.jpg,1300,958,commuter,720,406,891,716
cyclists-in-bike-city-amsterdam-ride-along-canal-road-on-bright-yellow-G30K60.jpg,1300,958,commuter,266,437,323,649
road-bike-1714194__340.jpg,453,340,cyclist,73,164,110,289
road-bike-1714194__340.jpg,453,340,cyclist,116,172,162,290
road-bike-1714194__340.jpg,453,340,cyclist,155,167,195,298
road-bike-1714194__340.jpg,453,340,cyclist,186,181,212,287
292.png,500,367,commuter,93,16,456,333
251.png,379,500,commuter,20,9,379,466
537.png,500,350,commuter,1,10,189,200
537.png,500,350,commuter,26,9,367,313
537.png,500,350,commuter,373,5,500,203
000ec81bb7d86b3a823c1f4356afa275.jpg,640,863,cyclist,26,11,613,863
16105245023_16f1d0ce59_b.jpg,1024,686,commuter,176,38,471,649
494.png,450,320,commuter,70,72,138,272
494.png,450,320,commuter,179,41,280,290
cyclist-2129021__340.jpg,510,340,cyclist,206,46,444,297
325.png,450,320,commuter,152,28,394,293
457.png,328,500,commuter,72,19,285,500
319.png,500,239,commuter,270,9,397,239
cyclists-1748611__340.jpg,453,340,cyclist,187,133,290,340
Cycle-UK-cyclists-crossing.jpg,1200,800,commuter,683,306,863,752
Cycle-UK-cyclists-crossing.jpg,1200,800,commuter,955,294,1050,572
Cycle-UK-cyclists-crossing.jpg,1200,800,commuter,1097,326,1147,468
Cycle-UK-cyclists-crossing.jpg,1200,800,commuter,356,298,542,623
Cycle-UK-cyclists-crossing.jpg,1200,800,commuter,1,299,288,624
26.png,500,400,commuter,110,19,383,394
127.png,500,316,commuter,251,78,374,252
05_Strasbourg_1.jpg,2000,2000,commuter,1,762,325,2000
05_Strasbourg_1.jpg,2000,2000,commuter,644,935,871,1575
05_Strasbourg_1.jpg,2000,2000,commuter,898,916,1155,1643
05_Strasbourg_1.jpg,2000,2000,commuter,1138,951,1260,1489
05_Strasbourg_1.jpg,2000,2000,commuter,1287,940,1530,1713
05_Strasbourg_1.jpg,2000,2000,commuter,1571,945,1760,1602
05_Strasbourg_1.jpg,2000,2000,commuter,1722,989,1857,1489
119.png,397,500,commuter,38,128,397,484
Amsterdam-Cycling--750x497.jpg,750,497,commuter,489,168,698,480
Amsterdam-Cycling--750x497.jpg,750,497,commuter,340,180,518,493
643.png,500,368,commuter,256,8,400,317
24.png,500,332,commuter,138,102,374,316
Happy_Mountain_Bike_Riders_by_Callans_Bike_Tech.jpg,705,470,commuter,238,45,417,445
Happy_Mountain_Bike_Riders_by_Callans_Bike_Tech.jpg,705,470,commuter,482,83,669,460
Happy_Mountain_Bike_Riders_by_Callans_Bike_Tech.jpg,705,470,commuter,182,156,248,325
18.png,500,333,commuter,211,55,319,296
694.png,500,333,commuter,97,168,128,258
694.png,500,333,commuter,82,171,104,226
694.png,500,333,commuter,134,176,166,253
694.png,500,333,commuter,171,167,200,226
694.png,500,333,commuter,200,173,250,271
694.png,500,333,commuter,229,161,322,328
694.png,500,333,commuter,292,165,351,260
694.png,500,333,commuter,325,133,498,333
bicycle-87203__340.jpg,510,340,commuter,134,30,425,340
441.png,500,334,commuter,37,14,264,296
441.png,500,334,commuter,323,86,397,255
327.png,500,367,commuter,225,78,325,315
bicycles-405779__340.jpg,510,340,commuter,318,122,411,216
cyclists-back-group.jpg,1152,750,cyclist,520,7,971,750
cyclists-back-group.jpg,1152,750,cyclist,342,138,437,353
cyclists-back-group.jpg,1152,750,cyclist,301,145,368,315
cyclists-back-group.jpg,1152,750,cyclist,264,170,324,304
cyclists-back-group.jpg,1152,750,cyclist,191,161,256,310
cyclists-back-group.jpg,1152,750,cyclist,120,166,187,338
cyclists-back-group.jpg,1152,750,cyclist,54,152,138,385
shutterstock_596120624-scaled.jpg,2560,1707,commuter,881,845,1690,1613
cyclist-1509843__340.jpg,509,340,cyclist,237,46,338,294
cyclist-1509843__340.jpg,509,340,cyclist,374,127,415,247
cyclist-1509843__340.jpg,509,340,cyclist,412,138,452,242
cyclist-1509843__340.jpg,509,340,cyclist,120,78,191,260
cyclist-1509843__340.jpg,509,340,cyclist,24,38,121,285
253.png,500,361,commuter,305,100,431,361
253.png,500,361,commuter,227,144,297,319
253.png,500,361,commuter,193,122,235,241
253.png,500,361,commuter,172,114,210,214
253.png,500,361,commuter,154,129,178,190
253.png,500,361,commuter,141,121,164,177
Bicycle-Parking-at-Central-Station_Amsterdam-Cycling.jpg,1760,1168,commuter,377,624,461,839
Cycling-in-Amsterdam-560x374.jpg,560,374,commuter,244,217,361,318
Cycling-in-Amsterdam-560x374.jpg,560,374,commuter,136,195,244,308
Cycling-in-Amsterdam-560x374.jpg,560,374,commuter,35,192,136,298
cykling-in-front-of-buss_web-780x610.jpg,780,610,commuter,223,75,411,610
49908306_6.jpg,940,529,cyclist,579,55,827,393
49908306_6.jpg,940,529,cyclist,49,9,229,206
49908306_6.jpg,940,529,cyclist,192,13,389,219
49908306_6.jpg,940,529,cyclist,314,36,483,237
49908306_6.jpg,940,529,cyclist,510,33,662,236
yellowbike-tour-amsterdam-17juni2010-edwin-van-eis.jpg,1800,1020,commuter,324,245,879,1007
yellowbike-tour-amsterdam-17juni2010-edwin-van-eis.jpg,1800,1020,commuter,722,270,995,774
yellowbike-tour-amsterdam-17juni2010-edwin-van-eis.jpg,1800,1020,commuter,868,276,1075,723
yellowbike-tour-amsterdam-17juni2010-edwin-van-eis.jpg,1800,1020,commuter,1062,313,1340,680
yellowbike-tour-amsterdam-17juni2010-edwin-van-eis.jpg,1800,1020,commuter,1352,262,1620,705
yellowbike-tour-amsterdam-17juni2010-edwin-van-eis.jpg,1800,1020,commuter,1568,272,1736,627
yellowbike-tour-amsterdam-17juni2010-edwin-van-eis.jpg,1800,1020,commuter,273,307,579,754
ride-4924224__340.jpg,227,340,cyclist,1,110,214,293
534.png,500,349,commuter,21,105,81,252
534.png,500,349,commuter,70,135,112,220
534.png,500,349,commuter,1,156,27,213
534.png,500,349,commuter,103,153,133,210
534.png,500,349,commuter,145,35,388,314
534.png,500,349,commuter,396,28,500,278
dallas-cyclists.jpg,1800,1200,cyclist,1079,126,1468,1098
dallas-cyclists.jpg,1800,1200,cyclist,1485,204,1800,1038
8f14-Cycling_March2018-cropped-1024x338.jpg,1024,338,commuter,417,9,589,338
8f14-Cycling_March2018-cropped-1024x338.jpg,1024,338,commuter,249,7,305,176
508.png,332,500,commuter,76,60,297,473
497.png,337,450,commuter,148,160,250,432
497.png,337,450,commuter,108,171,147,257
497.png,337,450,commuter,60,152,128,314
cyclist-446358__340.jpg,510,340,cyclist,140,141,216,297
Sydney-bike-rider-on-protected-lane.jpg,654,260,commuter,313,6,526,229
695.png,450,450,commuter,178,3,450,448
859.png,500,281,commuter,252,108,279,137
19.png,500,333,commuter,28,82,248,294
31.png,500,353,commuter,21,1,412,349
25.png,500,363,commuter,26,36,265,290
25.png,500,363,commuter,161,11,423,361
130.png,399,500,commuter,32,36,355,500
124.png,333,500,commuter,80,56,255,452
Essential-Items-Every-Bicycle-Rider-Should-Have-950x500.jpg,950,500,commuter,404,1,630,498
118.png,400,267,commuter,56,17,175,239
118.png,400,267,commuter,161,27,331,247
Copenhagen-Cyclists-Federation-of-European-Cyclists.jpg,1398,775,commuter,869,202,1031,630
Copenhagen-Cyclists-Federation-of-European-Cyclists.jpg,1398,775,commuter,738,188,834,478
Copenhagen-Cyclists-Federation-of-European-Cyclists.jpg,1398,775,commuter,638,204,780,599
Copenhagen-Cyclists-Federation-of-European-Cyclists.jpg,1398,775,commuter,495,236,689,775
Copenhagen-Cyclists-Federation-of-European-Cyclists.jpg,1398,775,commuter,358,241,512,715
Copenhagen-Cyclists-Federation-of-European-Cyclists.jpg,1398,775,commuter,229,179,366,556
Copenhagen-Cyclists-Federation-of-European-Cyclists.jpg,1398,775,commuter,94,216,221,605
Copenhagen-Cyclists-Federation-of-European-Cyclists.jpg,1398,775,commuter,1,259,97,662
625.png,500,307,cyclist,287,145,312,221
625.png,500,307,cyclist,309,149,349,235
Cyklistforbundet_Marie-Hald-1-364x255.jpg,364,255,commuter,171,26,248,242
Cyklistforbundet_Marie-Hald-1-364x255.jpg,364,255,commuter,246,26,303,190
Cyklistforbundet_Marie-Hald-1-364x255.jpg,364,255,commuter,127,11,185,196
Cyklistforbundet_Marie-Hald-1-364x255.jpg,364,255,commuter,66,17,138,213
Cyklistforbundet_Marie-Hald-1-364x255.jpg,364,255,commuter,1,16,69,255
157.png,500,334,cyclist,215,6,414,334
81.png,333,500,commuter,22,83,315,463
619.png,236,354,commuter,18,34,203,346
95.png,328,500,commuter,82,123,249,483
180.png,500,500,commuter,33,15,466,478
194.png,500,375,commuter,115,192,207,356
194.png,500,375,commuter,81,177,163,303
194.png,500,375,commuter,275,176,332,308
194.png,500,375,commuter,220,180,282,285
802.png,300,470,commuter,67,128,235,445
56.png,500,333,commuter,296,38,416,313
816.png,300,470,commuter,106,119,202,300
bicycle-race-438845__340.jpg,510,340,cyclist,1,63,199,319
4.png,300,449,commuter,18,42,284,435
355.png,500,500,commuter,14,62,429,472
433.png,500,349,commuter,136,81,221,302
433.png,500,349,commuter,211,98,287,268
382.png,450,320,commuter,149,22,263,285
553.png,500,331,cyclist,1,108,59,170
553.png,500,331,cyclist,92,106,180,177
553.png,500,331,cyclist,182,104,256,170
209.png,480,375,commuter,46,32,480,342
British-Transport-Films-Cyclists-Special-1.jpg,2396,1258,commuter,1075,260,2396,1258
British-Transport-Films-Cyclists-Special-1.jpg,2396,1258,commuter,336,34,1441,1139
people-5736275__340.jpg,510,340,commuter,327,124,441,321
people-5736275__340.jpg,510,340,commuter,32,111,217,335
200307_Reflective-clothing-is-important-for-cyclists.jpg,950,463,commuter,59,23,237,454
200307_Reflective-clothing-is-important-for-cyclists.jpg,950,463,commuter,192,64,317,409
750.png,266,400,commuter,26,73,236,395
Ciclismo_en_Amsterdam.jpg,1280,960,commuter,824,345,1280,948
Cyclists-European-Parliament-bicycle-infrastructure.jpg,795,407,commuter,256,1,545,407
Cyclists-European-Parliament-bicycle-infrastructure.jpg,795,407,commuter,564,69,640,283
Cyclists-European-Parliament-bicycle-infrastructure.jpg,795,407,commuter,173,69,272,312
Cyclists-European-Parliament-bicycle-infrastructure.jpg,795,407,commuter,140,83,206,280
200620-3286-Edit.jpg,1920,1280,commuter,450,293,874,1240
200620-3286-Edit.jpg,1920,1280,commuter,1472,372,1740,1257
200620-3286-Edit.jpg,1920,1280,commuter,1169,327,1431,1159
200620-3286-Edit.jpg,1920,1280,commuter,1040,316,1218,1006
200620-3286-Edit.jpg,1920,1280,commuter,855,321,1063,733
200620-3286-Edit.jpg,1920,1280,commuter,304,282,469,797
01735c998e5eef85a43af8865b935ed4f1bdf4b447-1000x1360.jpg,1000,1360,commuter,729,198,916,629
bicycle-riders-2071825__340.jpg,510,340,commuter,221,139,321,325
bicycle-riders-2071825__340.jpg,510,340,commuter,55,142,118,260
397.png,500,174,commuter,152,5,239,161
397.png,500,174,commuter,187,12,313,174
397.png,500,174,commuter,8,2,140,174
397.png,500,174,commuter,280,1,319,64
397.png,500,174,commuter,317,1,347,58
Amsterdam-580x386.jpg,580,386,commuter,424,101,505,326
Amsterdam-580x386.jpg,580,386,commuter,372,85,424,249
Amsterdam-580x386.jpg,580,386,commuter,269,73,352,314
Amsterdam-580x386.jpg,580,386,commuter,142,88,233,386
383.png,500,288,commuter,125,28,352,248
bihu-169921__340.jpg,510,340,commuter,138,142,189,203
340.png,500,333,commuter,96,8,414,333
5.png,500,280,commuter,214,65,398,267
803.png,450,320,commuter,127,25,253,299
195.png,333,500,commuter,6,126,113,413
195.png,333,500,commuter,88,146,238,432
195.png,333,500,commuter,229,162,333,482
94.png,500,281,commuter,110,10,378,276
road-bike-2263202__340.jpg,511,340,cyclist,177,85,380,291
142.png,500,334,commuter,221,1,379,332
632.png,450,320,commuter,163,96,246,302
bicycle-87205__340.jpg,510,340,commuter,162,34,455,339
626.png,450,319,commuter,138,1,247,226
626.png,450,319,commuter,230,1,325,144
bicycle-87204__340.jpg,510,340,commuter,194,92,287,262
96.png,333,500,commuter,33,53,306,490
paris-cycling.jpg,1215,796,commuter,360,133,791,671
7.png,500,367,commuter,236,29,408,367
7.png,500,367,commuter,383,178,408,213
7.png,500,367,commuter,360,177,384,216
55.png,460,260,commuter,119,12,197,241
55.png,460,260,commuter,176,37,255,248
55.png,460,260,commuter,256,33,346,258
815.png,450,301,commuter,306,13,429,269
815.png,450,301,commuter,157,4,283,272
801.png,281,500,commuter,60,22,224,442
78218321.jpg,400,284,commuter,58,58,201,281
78218321.jpg,400,284,commuter,35,58,156,230
78218321.jpg,400,284,commuter,1,64,80,197
78218321.jpg,400,284,commuter,232,64,288,191
78218321.jpg,400,284,commuter,323,67,381,206
4161144794_8ce9876236.jpg,500,297,commuter,307,46,419,278
4161144794_8ce9876236.jpg,500,297,commuter,404,42,500,257
4161144794_8ce9876236.jpg,500,297,commuter,220,65,268,196
4161144794_8ce9876236.jpg,500,297,commuter,201,80,234,174
4161144794_8ce9876236.jpg,500,297,commuter,165,77,191,165
4161144794_8ce9876236.jpg,500,297,commuter,126,76,163,183
4161144794_8ce9876236.jpg,500,297,commuter,107,74,133,159
4161144794_8ce9876236.jpg,500,297,commuter,83,83,106,152
550.png,236,314,commuter,13,59,234,305
bmx-1352257__340.jpg,547,340,commuter,378,25,470,170
752.png,500,359,commuter,46,57,176,328
785.png,500,349,commuter,132,132,231,281
784.png,500,281,commuter,330,2,454,226
753.png,299,470,commuter,77,200,143,391
753.png,299,470,commuter,158,207,281,446
753.png,299,470,commuter,238,209,272,274
trail-1158467__340.jpg,510,340,commuter,160,60,236,245
trail-1158467__340.jpg,510,340,commuter,267,66,344,271
237.png,333,500,commuter,8,39,294,490
Turkey-Amsterdam-bike-blog-feature-1.jpg,690,380,commuter,242,114,393,380
223.png,500,281,commuter,206,106,264,217
223.png,500,281,commuter,278,100,358,281
buildings-2597520__340.jpg,510,340,commuter,284,153,356,312
buildings-2597520__340.jpg,510,340,commuter,36,164,93,216
1DOb_T9ZoHB62gOVBTbmi5w.jpeg,4000,2668,commuter,1876,1251,2189,2103
419.png,500,375,commuter,32,126,193,313
419.png,500,375,commuter,211,150,269,253
419.png,500,375,commuter,308,162,335,221
419.png,500,375,commuter,326,166,351,213
419.png,500,375,commuter,350,172,372,209
419.png,500,375,commuter,372,166,397,210
357.png,500,333,cyclist,135,28,327,333
40.png,500,281,commuter,96,3,367,281
6.png,500,250,commuter,157,24,426,250
14733kg-greensquarecyclingcourse-greensquarecyclingcourse-highres-7859a.jpg,2048,1365,commuter,198,389,864,1239
14733kg-greensquarecyclingcourse-greensquarecyclingcourse-highres-7859a.jpg,2048,1365,commuter,589,350,1345,1271
14733kg-greensquarecyclingcourse-greensquarecyclingcourse-highres-7859a.jpg,2048,1365,commuter,1061,385,1618,1307
14733kg-greensquarecyclingcourse-greensquarecyclingcourse-highres-7859a.jpg,2048,1365,commuter,1480,273,2009,1365
83.png,500,500,commuter,112,62,325,500
169.png,500,500,commuter,97,40,278,471
97.png,500,318,commuter,164,100,303,232
627.png,500,375,cyclist,102,35,399,310
200918-think-tour-de-france-kevin-reza-se-334p_8c2290178f7446f1249d4428a311323a.jpg,2500,1732,cyclist,1421,172,2346,1732
200918-think-tour-de-france-kevin-reza-se-334p_8c2290178f7446f1249d4428a311323a.jpg,2500,1732,cyclist,1124,405,1593,1732
200918-think-tour-de-france-kevin-reza-se-334p_8c2290178f7446f1249d4428a311323a.jpg,2500,1732,cyclist,707,464,1182,1732
200918-think-tour-de-france-kevin-reza-se-334p_8c2290178f7446f1249d4428a311323a.jpg,2500,1732,cyclist,54,411,785,1732
179.png,500,375,commuter,62,4,189,369
179.png,500,375,commuter,160,8,266,293
179.png,500,375,commuter,238,23,341,282
637.png,500,281,commuter,46,75,197,278
637.png,500,281,commuter,251,108,298,178
623.png,480,469,commuter,236,44,430,431
50.png,500,333,commuter,52,102,128,287
50.png,500,333,commuter,202,101,229,192
50.png,500,333,commuter,220,96,250,170
810.png,333,500,commuter,9,17,318,494
44.png,500,333,commuter,46,59,200,307
44.png,500,333,commuter,198,64,374,333
44.png,500,333,commuter,389,77,480,238
44.png,500,333,commuter,264,53,365,230
IMG_1806-1024x683.jpg,1024,683,commuter,565,417,649,583
IMG_1806-1024x683.jpg,1024,683,commuter,768,427,929,587
409.png,362,500,commuter,36,30,330,444
435.png,500,332,commuter,250,223,376,332
l-c-activepopulation-nc.jpg,1800,1020,commuter,983,90,1800,1020
l-c-activepopulation-nc.jpg,1800,1020,commuter,1,62,773,1020
l-c-activepopulation-nc.jpg,1800,1020,commuter,754,88,1258,964
cycling-1813444__340.jpg,476,340,cyclist,179,9,307,334
abruzzo-1492935__340.jpg,575,340,cyclist,278,238,295,269
abruzzo-1492935__340.jpg,575,340,cyclist,310,241,327,273
227.png,500,362,commuter,238,46,427,362
227.png,500,362,commuter,367,52,469,361
227.png,500,362,commuter,165,73,252,289
227.png,500,362,commuter,63,86,107,209
227.png,500,362,commuter,140,83,182,221
227.png,500,362,commuter,18,83,63,200
227.png,500,362,commuter,106,89,140,185
cyclist-car-e1543950664172.jpg,2582,1451,commuter,1303,117,1795,1348
bicycle-race-438855__480.jpg,720,480,cyclist,2,46,342,413
541.png,500,333,cyclist,225,94,332,261
bicycles.jpg,850,565,commuter,294,266,367,445
bicycles.jpg,850,565,commuter,452,260,564,487
bicycles.jpg,850,565,commuter,616,261,750,453
596.png,500,333,commuter,40,18,359,333
bicycle-riding-tile1-safety.jpg,2000,1331,commuter,874,230,1289,1331
757.png,450,320,commuter,14,6,292,296
795.png,300,321,commuter,69,134,155,234
795.png,300,321,commuter,128,131,254,255
756.png,339,500,commuter,56,62,332,487
children-2586002__340.jpg,429,340,commuter,102,79,236,281
bicycle-384566__340.jpg,511,340,cyclist,153,114,309,263
232.png,500,250,commuter,213,30,318,226
226.png,500,333,commuter,157,61,272,304
226.png,500,333,commuter,14,50,137,309
cycling-659780__340.jpg,479,340,commuter,55,27,472,338
1_Tribute-cycle-to-Kris-Cook-on-Sunday-August-17.jpg,1200,900,cyclist,29,279,206,718
1_Tribute-cycle-to-Kris-Cook-on-Sunday-August-17.jpg,1200,900,cyclist,418,263,570,712
1_Tribute-cycle-to-Kris-Cook-on-Sunday-August-17.jpg,1200,900,cyclist,663,289,801,641
1_Tribute-cycle-to-Kris-Cook-on-Sunday-August-17.jpg,1200,900,cyclist,854,285,939,575
1_Tribute-cycle-to-Kris-Cook-on-Sunday-August-17.jpg,1200,900,cyclist,1095,275,1179,564
1_Tribute-cycle-to-Kris-Cook-on-Sunday-August-17.jpg,1200,900,cyclist,1008,297,1079,475
1_Tribute-cycle-to-Kris-Cook-on-Sunday-August-17.jpg,1200,900,cyclist,926,273,993,487
1_Tribute-cycle-to-Kris-Cook-on-Sunday-August-17.jpg,1200,900,cyclist,747,285,816,488
346.png,500,283,commuter,254,22,369,283
346.png,500,283,commuter,378,19,495,283
352.png,450,477,commuter,164,184,360,476
434.png,483,500,commuter,255,93,423,495
408.png,199,132,commuter,9,1,162,131
187.png,500,234,commuter,4,99,111,212
187.png,500,234,commuter,239,89,332,185
187.png,500,234,commuter,338,84,432,191
187.png,500,234,commuter,423,75,500,171
5stars-wm-135-e1506331187101.jpg,1090,2000,commuter,583,318,981,1240
5stars-wm-135-e1506331187101.jpg,1090,2000,commuter,192,508,438,1056
5stars-wm-135-e1506331187101.jpg,1090,2000,commuter,1,356,170,1070
636.png,478,500,commuter,42,83,456,495
92.png,500,280,cyclist,152,33,411,276
84.png,500,312,commuter,205,30,306,274
84.png,500,312,commuter,303,46,374,211
9d7a674ed7c76a0f44b5f362cd07ac9b.jpg,1301,1689,commuter,456,403,967,1342
9d7a674ed7c76a0f44b5f362cd07ac9b.jpg,1301,1689,commuter,935,408,1190,1053
amsterdam-guided-tours640.jpg,640,357,commuter,264,99,339,342
amsterdam-guided-tours640.jpg,640,357,commuter,159,130,214,287
amsterdam-guided-tours640.jpg,640,357,commuter,203,126,244,255
amsterdam-guided-tours640.jpg,640,357,commuter,132,125,177,261
new-amsterdam-2-1024x599.jpg,1024,599,commuter,650,254,731,467
new-amsterdam-2-1024x599.jpg,1024,599,commuter,581,279,636,440
new-amsterdam-2-1024x599.jpg,1024,599,commuter,102,2,490,599
146.png,500,374,commuter,47,13,438,374
634.png,500,375,commuter,1,192,56,364
634.png,500,375,commuter,67,172,147,369
634.png,500,375,commuter,175,191,228,330
807.png,333,500,commuter,18,52,220,489
bicycle-2715715__340.jpg,453,340,commuter,101,145,147,214
bicycle-2715715__340.jpg,453,340,commuter,220,142,268,226
bicycle-2715715__340.jpg,453,340,commuter,156,145,197,209
1.jpg,568,319,commuter,194,139,261,319
womens_racing_1-7c830d3.jpg,1200,675,cyclist,342,45,992,675
womens_racing_1-7c830d3.jpg,1200,675,cyclist,42,47,495,562
womens_racing_1-7c830d3.jpg,1200,675,cyclist,395,28,545,247
womens_racing_1-7c830d3.jpg,1200,675,cyclist,653,61,988,531
53.png,480,368,commuter,185,21,422,349
191.png,368,500,commuter,107,11,287,499
344.png,300,225,commuter,45,23,152,212
344.png,300,225,commuter,140,7,280,225
422.png,500,164,commuter,110,92,177,164
436.png,500,333,commuter,180,38,326,333
350.png,500,333,commuter,81,75,194,300
350.png,500,333,commuter,198,54,389,301
53118667_101.jpg,1024,576,commuter,619,315,704,560
53118667_101.jpg,1024,576,commuter,746,376,803,541
53118667_101.jpg,1024,576,commuter,797,384,854,538
53118667_101.jpg,1024,576,commuter,902,354,962,527
Bikeable-FeatureArt-522218286.jpg,1280,670,commuter,521,292,769,526
393.png,500,333,commuter,196,78,301,292
218.png,468,345,commuter,109,59,379,312
230.png,500,333,commuter,181,28,393,333
photo-id-2032050470981-bicycle-rider-riding-bike-on-asphalt-road_1200x800.jpg,1200,800,cyclist,254,139,481,711
cyclist-2129004__340.jpg,510,340,cyclist,215,59,348,340
754.png,440,500,commuter,30,41,431,490
740.png,500,281,commuter,94,1,265,231
50-plus-cyclist.jpg,1152,751,cyclist,105,70,519,751
50-plus-cyclist.jpg,1152,751,cyclist,448,63,854,751
58-GOODY_Upright_Stephen-Craig_Photo-Kamil-Bialous-lead.jpg,620,451,commuter,210,18,515,442
58-GOODY_Upright_Stephen-Craig_Photo-Kamil-Bialous-lead.jpg,620,451,commuter,34,46,330,368
140813102353-best-biking-cities-montreal.jpg,3008,2000,commuter,2222,610,2832,1237
140813102353-best-biking-cities-montreal.jpg,3008,2000,commuter,1748,647,2072,973
140813102353-best-biking-cities-montreal.jpg,3008,2000,commuter,1908,630,2138,923
140813102353-best-biking-cities-montreal.jpg,3008,2000,commuter,1175,633,1478,973
140813102353-best-biking-cities-montreal.jpg,3008,2000,commuter,812,707,1208,1137
140813102353-best-biking-cities-montreal.jpg,3008,2000,commuter,318,707,638,1083
140813102353-best-biking-cities-montreal.jpg,3008,2000,commuter,1545,653,1735,867
140813102353-best-biking-cities-montreal.jpg,3008,2000,commuter,1328,630,1548,903
140813102353-best-biking-cities-montreal.jpg,3008,2000,commuter,568,660,732,950
photo-id-2084850761797-pro-bike-rider-taking-break-while-riding.jpg,1500,905,cyclist,534,227,1262,905
file-20200623-188896-1rcjyq.jpg,4763,2807,commuter,1452,445,3320,2687
231.png,500,324,commuter,12,29,144,319
231.png,500,324,commuter,167,12,274,294
231.png,500,324,commuter,252,32,387,259
mount-kofel-55360__340.jpg,453,340,cyclist,196,221,248,321
392.png,500,333,commuter,176,16,413,322
437.png,334,500,cyclist,20,60,334,397
423.png,500,333,commuter,1,7,394,332
open-streets-hamilton.jpg,780,439,commuter,553,93,735,316
biking.jpg,2121,1193,cyclist,201,11,852,1193
184.png,400,365,commuter,73,1,374,359
IMG_3500JPG.jpg,1127,815,commuter,524,286,702,766
IMG_3500JPG.jpg,1127,815,commuter,718,300,1010,609
IMG_3500JPG.jpg,1127,815,commuter,403,319,509,617
IMG_3500JPG.jpg,1127,815,commuter,287,309,386,570
IMG_3500JPG.jpg,1127,815,commuter,228,307,288,464
812.png,450,320,commuter,94,35,319,285
52.png,500,281,commuter,187,3,451,281
806.png,450,320,commuter,164,60,268,275
46.png,344,500,commuter,84,15,250,452
153.png,352,500,commuter,99,14,290,500
147.png,450,320,cyclist,106,74,199,212
147.png,450,320,cyclist,205,65,277,224
147.png,450,320,commuter,419,96,445,148
Cyclists-in-Vancouver-HUB-e1557866892883.jpg,1072,544,commuter,646,38,871,526
Cyclists-in-Vancouver-HUB-e1557866892883.jpg,1072,544,commuter,525,41,658,395
Cyclists-in-Vancouver-HUB-e1557866892883.jpg,1072,544,commuter,420,35,527,351
Cyclists-in-Vancouver-HUB-e1557866892883.jpg,1072,544,commuter,320,42,400,245
Cyclists-in-Vancouver-HUB-e1557866892883.jpg,1072,544,commuter,271,52,342,224
Cyclists-in-Vancouver-HUB-e1557866892883.jpg,1072,544,commuter,178,34,251,218
91.png,500,436,commuter,47,15,210,431
91.png,500,436,commuter,307,29,472,436
